11,Premier Indl.Plastics,Local,XBA&I2 ORVM,32040203X004,Skull Cap Textured UP RH,,,ACTIVE
12,Premier Indl.Plastics,Local,XBA&I2 ORVM,32040303X004,Skull Cap Textured UP LH,,,ACTIVE
13,Poly plastics,Local,XBA&I2 ORVM,32040203X003XVG,SKULL CAP VOLCANO GREY  RH,,,ACTIVE
14,Poly plastics,Local,XBA&I2 ORVM,32040303X003XVG,SKULL CAP VOLCANO GREY  LH,,,ACTIVE
15,Poly plastics,Local,XBA&I2 ORVM,32040203X003XNS,SKULL CAP NISSAN SILVER  RH,,,ACTIVE
16,Poly plastics,Local,XBA&I2 ORVM,32040303X003XNS,SKULL CAP NISSAN SILVER  LH,,,ACTIVE
17,Poly plastics,Local,XBA&I2 ORVM,32040203X003XOA,SKULL CAP ORANGE  RH,,,ACTIVE
18,Poly plastics,Local,XBA&I2 ORVM,32040303X003XOA,SKULL CAP ORANGE  LH,,,ACTIVE
19,Poly plastics,Local,XBA&I2 ORVM,32040203X003XBTR,XBA TIP TAP ORVM BRIGHT RED RH,,,ACTIVE
20,Poly plastics,Local,XBA&I2 ORVM,32040303X003XBTR,XBA TIP TAP ORVM BRIGHT RED LH,,,ACTIVE
21,Poly plastics,Local,XBA&I2 ORVM,32040203X003XWH,XBA TIP TAP ORVM WHITE RH,,,ACTIVE
22,Poly plastics,Local,XBA&I2 ORVM,32040303X003XWH,XBA TIP TAP ORVM WHITE LH,,,ACTIVE
23,Poly plastics,Local,XBA&I2 ORVM,32040203X003XMR,SKULL CAP METALLIC RED RH,,,ACTIVE
24,Poly plastics,Local,XBA&I2 ORVM,32040303X003XMR,SKULL CAP METALLIC RED LH,,,ACTIVE
25,Karthigeya Plastics,Local,XBA&I2 ORVM,32040203X001,Base RH,,,ACTIVE
26,Karthigeya Plastics,Local,XBA&I2 ORVM,32040303X001,Base LH,,,ACTIVE
27,Karthigeya Plastics,Local,XBA&I2 ORVM,32040203X002,Housing RH,,,ACTIVE
28,Karthigeya Plastics,Local,XBA&I2 ORVM,32040303X002,Housing LH,,,ACTIVE
29,Premier Indl.Plastics,Local,XBA&I2 ORVM,32040203X008,Pivot RH,,,ACTIVE
30,Premier Indl.Plastics,Local,XBA&I2 ORVM,32040303X008,Pivot LH,,,ACTIVE
31,TF Pune,Pune,XBA&I2 ORVM,06040201X007,COMPRESSION SPRING,,,ACTIVE
32,TF Pune,Pune,XBA&I2 ORVM,01530301X018,Retention Washer,,,ACTIVE
33,TF Pune,Pune,XBA&I2 ORVM,03020202X012,PLASTITE SCREWS M3 X 35,,,ACTIVE
34,TF Pune,Pune,XBA&I2 ORVM,28010301X025XI,SCREW M4X18,,,ACTIVE
35,Imported,Pune,XBA&I2 ORVM,01270203X001XI,ORVM Tip Tap Actuator JC,,,ACTIVE
36,Ess Dee,Pune,XBA&I2 ORVM,32040204X006,Door Gasket,,,ACTIVE
37,Ess Dee,Pune,XBA&I2 ORVM,32040204X007,(XBA Secondary Foam),,,ACTIVE
38,Premier Indl.Plastics,Local,XBA&I2 ORVM,32040203X005,Back Plate RH,,,ACTIVE
39,Premier Indl.Plastics,Local,XBA&I2 ORVM,32040303X005,Back Plate LH,,,ACTIVE
40,Imported,Pune,XBA&I2 ORVM,32040203X006XI,CONVEX GLASS RH,,,ACTIVE
41,Imported,Pune,XBA&I2 ORVM,32040303X006XI,CONVEX GLASS LH,,,ACTIVE
42,Lohmann,Local,XBA&I2 ORVM,32040203X007,Double sided ADHESIVE tape,,,ACTIVE
43, TRIMOORTY ,Local,XBA&I2 ORVM,32040303X009,XBA TIP-TAP BASE FOAM LH,,,ACTIVE
44, TRIMOORTY ,Local,XBA&I2 ORVM,32040203X009,XBA TIP-TAP BASE FOAM RH,,,ACTIVE
45,Premier Indl.Plastics,Local,XBA&I2 IRVM,32040801X001,Housing -IRVM,,,ACTIVE
46,Premier Indl.Plastics,Local,XBA&I2 IRVM,32040801X004,Arm-IRVM,,,ACTIVE
47,Prabal Automotives,Pune,XBA&I2 IRVM,32040801X002,Glass-IRVM,,,ACTIVE
48,Sri Vasavi,Local,XBA&I2 IRVM,32040801X003,AdhesiveTape-IRVM,,,ACTIVE
49,pant nagar-pune.,Local,XBA&I2 IRVM,01210204X006,Nut M4-IRVM&I2,,,ACTIVE
50,pant nagar-pune.,Local,XBA&I2 IRVM,01210204X008,Screw M4-IRVM&I2,,,ACTIVE
51,TF Pune,Pune,XBA&I2 PBL,03203103X002,Chrome Plated Cap for? J-92 PBL,,,ACTIVE
52,TF Pune,Pune,XBA&I2 PBL,03203103X001,Button Rod for J-92 PBL,,,ACTIVE
53,Unique Pressing,Pune,XBA&I2 PBL,32050123X001,BASE PLATE-PKB ,,,ACTIVE
54,Premier Indl.Plastics,Local,XBA&I2 PBL,32040123X002,GRIP-PKB,,,ACTIVE
55,TF Pune,Pune,XBA&I2 PBL,04070103X001,LEVER PARKING BRAKE-PKB,,,ACTIVE
56,TF Pune,Pune,XBA&I2 PBL,32010103X002,BUTTON ROD-PKB,,,ACTIVE
57,TF Pune,Pune,XBA&I2 PBL,04070103X005,SPRING-PKB,,,ACTIVE
58,TIDC,Local,XBA&I2 PBL,04070103X006,PAWL-PKB,,,ACTIVE
59,TIDC,Local,XBA&I2 PBL,04070103X007,RACHET-PKB,,,ACTIVE
60,TF Pune,Pune,XBA&I2 PBL,04070103X008,PAWL PIN-PKB,,,ACTIVE
61,TF Pune,Pune,XBA&I2 PBL,04070103X009,PIN W/O HEAD-PKB,,,ACTIVE
62,TF Pune,Pune,XBA&I2 PBL,32040123XS01,Primary cable assy-PKB,,,ACTIVE
63,TF Pune,Pune,XBA&I2 PBL,33010103XS02,SWITCH SUB ASSY-PKB,,,ACTIVE
64,TF Pune,Pune,XBA&I2 PBL,02020103X009I,SCREW PBL IMPORTED-PKB,,,ACTIVE
65,sudha sree,Local,XBA&I2,MS150718X001,Bubble Bag XBA ORVM(375 X 330 mm),,,ACTIVE
66,sudha sree,Local,XBA&I2,MS150718X002,Bubble Bag XBA PKB (200 X 80 mm),,,ACTIVE
67,sudha sree,Local,XBA&I2,MS150718X003,Bubble Bag XBA IRVM  (250 X 140 mm),,,ACTIVE
68,TF Pune(Jayawant),Pune,XBA&I2,MS130506X001,Acrabond Glue Adhesive - 997 -PKB,,,ACTIVE
69,TF Pune(Jayawant),Pune,XBA&I2,00070020X004,Grease PBL - Impoted GLY801,,,ACTIVE
70,TF Pune(Jayawant),Pune,XBA&I2,01010201x029xco,Lubricant ORVM Grease-TIPTAP ,,,ACTIVE
71,TF Pune,Pune,I2,30020123X001,Grip I2 PBL,,,ACTIVE
72,TF Pune,Pune,I2,30020123X002,Button Rod I2 PBL,,,ACTIVE
73,TF Pune,Pune,I2,32010103x001,Grip I2 SV PBL,,,ACTIVE
74,Mangal Industries,Local,I2,30020204X001,Base RH,,,ACTIVE
75,Mangal Industries,Local,I2,30020304X001,Base LH,,,ACTIVE
76,Premier Indl.Plastics,Local,I2,30020204X002,Housing RH,,,ACTIVE
77,Premier Indl.Plastics,Local,I2,30020304X002,Housing LH,,,ACTIVE
78,Mangal Industries,Local,I2,30020204X005,Socket RH,,,ACTIVE
79,Mangal Industries,Local,I2,30020304X005,Socket LH,,,ACTIVE
80,Sri Vasavi,Local,I2,32040204X004,ORVM  Adhesive Tapes RH- XBA,,,ACTIVE
81,Sundaram Dynacast,Local,I2,32040204X005,Pivot,,,ACTIVE
82,Imported,Local,I2,32040204X008XI,Screw M4X17,,,ACTIVE
83,Mangal Industries,Local,I2,30020204X004,COVER-OUTSIDE MIRROR RH,,,ACTIVE
84,Mangal Industries,Local,I2,30020304X004,COVER-OUTSIDE MIRROR LH,,,ACTIVE
85,Imported ,Pune,I2,30020204X003XI,ORVM Glass Plate RH-I2,,,ACTIVE
86,Imported ,Pune,I2,30020304X003XI,ORVM Glass Plate LH-I2,,,ACTIVE
87,TACO IPD,Pune,W/S,30010701X001,Reservoir Cover,,,ACTIVE
88,Karthigeya Plastics,Local,W/S,30010701X002,Reservoir Body,,,ACTIVE
89,Miju Components,Pune,W/S,30010701X003,TANK JOINT,,,ACTIVE
90,Dankel Tech,Pune,W/S,30010701X004,CAP WASH TANK,,,ACTIVE
91,Delfingen,Pune,W/S,30010701X009,Tube wash (?4x?7x150 +5mm),,,ACTIVE
92,Jayashree Polymers,Pune,W/S,30010701X010,Tube wash  (?4x?7x290mm) EPDM,,,ACTIVE
93,Dankel Tech,Pune,W/S,30010701X012,Conn Tube,,,ACTIVE
94,TF Pune(Jayawant),Pune,W/S,30010701X013,White Tape  (05X30mm),,,ACTIVE
95,Dankel Tech,Pune,W/S,30010701X014,RR Nozzle Body,,,ACTIVE
96,Miju Components,Pune,W/S,30010701X015,L Connector Gasket,,,ACTIVE
97,Miju Components,Pune,W/S,30010701X016,GROMMET WASH TUBE 4.3,,,ACTIVE
98,Miju Components,Pune,W/S,30010701X017,TWO GROMMET WASH TUBE 2 grom,,,ACTIVE
99,TF Pune(Jayawant),Pune,W/S,30010701X018XCO,Yellow Tape,,,ACTIVE
100,Delfingen,Pune,W/S,30010701X020,Tube wash (?4x?7x620 +10mm),,,ACTIVE
101,Delfingen,Pune,W/S,30010701X021,Tube Back wash (?4x?7x160 +10mm),,,ACTIVE
102,Delfingen,Pune,W/S,30010701X022,Tube Wash   (?4x?7x4380mm),,,ACTIVE
103,Jayashree Polymers,Pune,W/S,30010701X023,Tube wash (?4x?7x640 +10),,,ACTIVE
104,Jayashree Polymers,Pune,W/S,30010701X025,TUBE WASH (?4x?7x870mm) EPDM,,,ACTIVE
105,Miju Components,Pune,W/S,30010701X026,PLUG,,,ACTIVE
106,Shailesh Industries,Pune,W/S,30010701X032,Sponge Tape,,,ACTIVE
107,Delfingen,Pune,W/S,30010701X033,TUBE WASH (?4x?7x870mm) PVC,,,ACTIVE
108,TF Pune(Jayawant),Pune,W/S,30010701X034,PVC marking Tape,,,ACTIVE
109,Delfingen,Pune,W/S,30010701X035,TUBE WASH (?4x?7x290mm) PVC,,,ACTIVE
110,Dankel Tech,Pune,W/S,30010701X040,T- Connector,,,ACTIVE
111,Dankel Tech,Pune,W/S,30010701XS04,FRONT NOZZLE ASSY - WS WASH LH,,,ACTIVE
112,sudha sree,Local,W/S,02030802X015,BUBBLE SHEET BAG ,,,ACTIVE
113,imported ,Pune,W/S,30010701X019XI,VALVE (Import) ,,,ACTIVE
114,imported ,Pune,W/S,06020701X012I,Y CONNECTOR (Import),,,ACTIVE
115,imported ,Pune,W/S,04080702X001I,DUAL PUMP (Import),,,ACTIVE
116,imported ,Pune,W/S,04070701X004XI,MONO PUMP( Import ),,,ACTIVE
117,Abijith,Local,HHA,32060702X001,Washer Tank 3.5L,,,ACTIVE
118,Premier Indl.Plastics,Local,HHA,32060702X002,Cap,,,ACTIVE
119,Stanston,Local,HHA,32060702X003,HHA Hose -1,,,ACTIVE
120,Premier Indl.Plastics,Local,HHA,32060702X004,Filter,,,ACTIVE
121,Stanston,Local,HHA,32060702X005,HHA Hose 2,,,ACTIVE
122,Stanston,Local,HHA,32060702X006,HHA Hose 3,,,ACTIVE
123,Stanston,Local,HHA,32060702X007,HHA Hose 4,,,ACTIVE
124,Premier Indl.Plastics,Local,HHA,32060702X008,T-Joint,,,ACTIVE
125,Araymond,Local,HHA,32060702X009,Clip,,,ACTIVE
126,Stanston,Local,HHA,32060702X011,HHA Hose 5,,,ACTIVE
127,Stanston,Local,HHA,32060702X013,Hose 6,,,ACTIVE
128,Miju Components,Pune,HHA,32060702X016,HHA Grommet A,,,ACTIVE
129,Miju Components,Pune,HHA,32060702X017,Grommet B,,,ACTIVE
130,Ess Dee,Pune,HHA,32060702X018N,Tape (18 X20 mtr),,,ACTIVE
131,Stanston,Pune,HHA,32060702X019,Hose 7,,,ACTIVE
132,Ess Dee,Pune,HHA,32060702X020N,PVC TAPE BLACK,,,ACTIVE
133,Imported,Pune,HHA,32060702XS04XI,Rear Nozzle Assembly,,,ACTIVE
134,Premier Indl.Plastics,Local,RBC/Ws,32070702X003,RBC Mouth Cap,,,ACTIVE
135,imported ,China,RBC/Ws,32070702X004XI,Dual Pump RBC,,,ACTIVE
136,Delfingen,Pune,RBC/Ws,32070702X007,Front Hose ( dual&mono tank),,,ACTIVE
137,Delfingen,Pune,RBC/Ws,32070702X006,Rear Hose 1,,,ACTIVE
138,Mangal Industries,Andhra,RBC/Ws,32070702X001,RBC Upper Tank,,,ACTIVE
139,Mangal Industries,Andhra,RBC/Ws,32070702X002,RBC Lower Tank,,,ACTIVE
140,imported,Pune,RBC/Ws,32070701X001XI,Mono Pump RBC,,,ACTIVE
141,Araymond,Pune,RBC/Ws,32070702XS03,RBC Rear Nozzle,,,ACTIVE
142,Delfingen,Pune,RBC/Ws,32070702X008,Rear hose 2,,,ACTIVE
143,Delfingen,Pune,RBC/Ws,32070702X010,Rear hose 3,,,ACTIVE
144,Miju Components,Pune,RBC/Ws,32070702X009,RBC Grommet 2,,,ACTIVE
145,Karthigeya Plastics,Local,RBC/ORVM,32070303X001,RBC ORVM MF Base LH,,,ACTIVE
146,Karthigeya Plastics,Local,RBC/ORVM,32070303X002,RBC ORVM MF Housing LH,,,ACTIVE
147,imported,China,RBC/ORVM,32070302X003XI,RBC PE FOAM DOOR GASKET ELE/TIP-TAP LH,,,ACTIVE
148,Premier Indl.Plastics,Local,RBC/ORVM,32070303X009,RBC ORVM MF Pivot,,,ACTIVE
149,Amphenol,Local,RBC/ORVM,32070302X002,RBC ORVM Wiring Harness Glass Actuator,,,ACTIVE
150,TF Pune,Pune,RBC/ORVM,03020202X020I,ELEC MOTOR,,,ACTIVE
151,Premier Indl.Plastics,Local,RBC/ORVM,32070303X005,RBC ORVM Glass Back plate LH,,,ACTIVE
152,Lohmann,Local,RBC/ORVM,32070303X008,RBC ORVM Double Sided Adhesive,,,ACTIVE
153,Prabal Automotives,Pune,RBC/ORVM,32070303X006,RBC ORVM Glass LH,,,ACTIVE
154,Imported,China,RBC/ORVM,32070202X003XI,RBC PE FOAM DOOR GASKET ELE/TIP-TAP RH,,,ACTIVE
155,Karthigeya Plastics,Local,RBC/ORVM,32070203X001,RBC ORVM MF Base RH,,,ACTIVE
156,Karthigeya Plastics,Local,RBC/ORVM,32070203X002,RBC ORVM MF Housing RH,,,ACTIVE
157,Premier Indl.Plastics,Pune,RBC/ORVM,32070203X005,RBC ORVM Glass Back plate RH,,,ACTIVE
158,Premier Indl.Plastics,Local,RBC/ORVM,32070201X002,RBC ORVM Joystick Knob RH,,,ACTIVE
159,imported,China,RBC/ORVM,32070203X012XI,RBC ORVM Gasket Mechanical RH,,,ACTIVE
160,Prabal Automotives,Pune,RBC/ORVM,32070203X006,RBC ORVM Glass RH,,,ACTIVE
161,Premier Indl.Plastics,Local,RBC/ORVM,32070301X003,RBC ORVM Joystick Lever,,,ACTIVE
162,Premier Indl.Plastics,Local,RBC/ORVM,32070301X004,RBC ORVM Joystick Lever Cover,,,ACTIVE
163,Premier Indl.Plastics,Local,RBC/ORVM,32070301X002,RBC ORVM Joystick Knob LH,,,ACTIVE
164,imported,China,RBC/ORVM,32070303X012XI,RBC ORVM Gasket Mechanical LH,,,ACTIVE
165,tf pune,Pune,RBC/ORVM,01010201X023,SCREW PLASTITE M3 X 16,,,ACTIVE
166,tf pune,Pune,RBC/ORVM,31010301X025,SPRING MANUAL ACUATOR,,,ACTIVE
167,tf pune,Pune,RBC/ORVM,01010201X018,REG SYS BASE,,,ACTIVE
168,tf pune,Pune,RBC/ORVM,01010201X017,REG SYS COVER,,,ACTIVE
169,Premier Indl.Plastics,Local,RBC/ORVM,01530301X011,Joystick slider,,,ACTIVE
170,tf pune,Pune,RBC/ORVM,01010201X023,SCREW PLASTITE M3 X 16,,,ACTIVE
171,tf pune,Pune,RBC/ORVM,32070303X010,RBC ORVM SCREW M3*14,,,ACTIVE
172,SVR,Pune,RBC/ORVM,32070301X005,"RBC ORVM Regualtion Cable Set,Red",,,ACTIVE
173,SVR,Pune,RBC/ORVM,32070301X005,RBC ORVM Regualtion Cable SetYellow,,,ACTIVE
174,SVR,Pune,RBC/ORVM,32070301X005,"RBC ORVM Regualtion Cable Set,Green",,,ACTIVE
175,Premier Indl.Plastics,Local,RBC/ORVM,32070303X003,RBC ORVM MF Skullcap Textured LH,,,ACTIVE
176,Premier Indl.Plastics,Local,RBC/ORVM,32070203X003,RBC ORVM MF Skullcap Textured RH,,,ACTIVE
177,SL Polycoat,Pune,RBC/ORVM,32070303X004XWH,RBC ORVM Skullcap White LH,,,ACTIVE
178,SL Polycoat,Pune,RBC/ORVM,32070203X004XWH,RBC ORVM Skullcap White RH,,,ACTIVE
179,SL Polycoat,Pune,RBC/ORVM,32070303X004XBL,RBC ORVM Skullcap Blue LH,,,ACTIVE
180,SL Polycoat,Pune,RBC/ORVM,32070203X004XBL,RBC ORVM Skullcap BLUE RH,,,ACTIVE
181,SL Polycoat,Pune,RBC/ORVM,32070303X004XYL,TEEPA Honey Yellow LH,,,ACTIVE
182,SL Polycoat,Pune,RBC/ORVM,32070203X004XYL,TEEPA Honey Yellow RH,,,ACTIVE
183,SL Polycoat,Pune,RBC/ORVM,32070303X004XRE,Red Lh,,,ACTIVE
184,SL Polycoat,Pune,RBC/ORVM,32070203X004XRE,Red Rh,,,ACTIVE
185,SL Polycoat,Pune,RBC/ORVM,32070303X004XGR,TEK23 LH GREY/SLIVER,,,ACTIVE
186,SL Polycoat,Pune,RBC/ORVM,32070203X004XGR,TEK23 RH GREY/SLIVER,,,ACTIVE
187,Premier Indl.Plastics,Local,RBC/IRVM,32070802X001,RBC IRVM HOUSING,,,ACTIVE
188,Tf Pune,Pune,RBC/IRVM,32070802X002,RBC IRVM D/N PLATE,,,ACTIVE
189,Tf Pune,Pune,RBC/IRVM,32070802X003,RBC IRVM ROCKING LEVER,,,ACTIVE
190,imported,China,RBC/IRVM,32070802X005XI,Prismatic Glass For RBC IRVM,,,ACTIVE
191,TF Pune(Jayawant),Pune,RBC/IRVM,32070802X006,RBC IRVM Single Sided Adhesive Tape,,,ACTIVE
192,Karthigeya Plastics,Local,RBC/PKB,32070123X004,RBC PBL GRIP (black),,,ACTIVE
193,Premier Indl.Plastics,Local,RBC/PKB,32070123X015,RBC PBL RELEASE ROD,,,ACTIVE
194,tf pune,Pune,RBC/PKB,02100103X009,SPRING,,,ACTIVE
195,Meta Forge,Pune,RBC/PKB,32070123X009,RBC PBL Pivot RIVET,,,ACTIVE
196,Meta Forge,Pune,RBC/PKB,32070123X008,RBC PBL PAWL RIVET,,,ACTIVE
197,JFB,Pune,RBC/PKB,32070123X010,RBC PBL Pawl,,,ACTIVE
198,tf pune,Pune,RBC/PKB,32070123XS05,SWITCH ASSEMBLY,,,ACTIVE
199,tf pune,Pune,RBC/PKB,32070123XS03,RBC PBL Cable Assy.,,,ACTIVE
200,Dinesh Industries,Pune,RBC/PKB,32070123X001,RBC PBL Base Plate,,,ACTIVE
201,JFB,Pune,RBC/PKB,32070123X006,RBC PBL Ratchet,,,ACTIVE
202,Galva,Pune,RBC/PKB,32070123X017XCR,Chrome Cap,,,ACTIVE
203,Premier Indl.Plastics,Local,RBC/PKB,32070123X016XBL,Black Cap,,,ACTIVE
204,Dinesh Industries,Pune,RBC/PKB,32070123XS02,Lever body,,,ACTIVE
205,Poly plastics,Local,XBA&I2,32040303X003XDMGT,Dark Metalic LH,,,ACTIVE
206,Poly plastics,Local,XBA&I2,32040203X003XDMGT,Dark Metalic RH,,,ACTIVE
207,Kavachi,Pune,RBC/ORVM,32070203X013,NVH Rubber Seal RH,,,ACTIVE
208,Kavachi,Pune,RBC/ORVM,32070303X013,NVH Rubber Seal LH,,,ACTIVE
209,SuthSree,Pune,RBC/ORVM,32070301X010,Round Seal,,,ACTIVE
