Premier Indl.Plastics,Local,XBA&I2 ORVM,32040203X004,Skull Cap Textured UP RH,0,ACTIVE
Premier Indl.Plastics,Local,XBA&I2 ORVM,32040303X004,Skull Cap Textured UP LH,0,ACTIVE
Poly plastics,Local,XBA&I2 ORVM,32040203X003XVG,SKULL CAP VOLCANO GREY  RH,0,ACTIVE
Poly plastics,Local,XBA&I2 ORVM,32040303X003XVG,SKULL CAP VOLCANO GREY  LH,0,ACTIVE
Poly plastics,Local,XBA&I2 ORVM,32040203X003XNS,SKULL CAP NISSAN SILVER  RH,0,ACTIVE
Poly plastics,Local,XBA&I2 ORVM,32040303X003XNS,SKULL CAP NISSAN SILVER  LH,0,ACTIVE
Poly plastics,Local,XBA&I2 ORVM,32040203X003XOA,SKULL CAP ORANGE  RH,0,ACTIVE
Poly plastics,Local,XBA&I2 ORVM,32040303X003XOA,SKULL CAP ORANGE  LH,0,ACTIVE
Poly plastics,Local,XBA&I2 ORVM,32040203X003XBTR,XBA TIP TAP ORVM BRIGHT RED RH,0,ACTIVE
Poly plastics,Local,XBA&I2 ORVM,32040303X003XBTR,XBA TIP TAP ORVM BRIGHT RED LH,0,ACTIVE
Poly plastics,Local,XBA&I2 ORVM,32040203X003XWH,XBA TIP TAP ORVM WHITE RH,0,ACTIVE
Poly plastics,Local,XBA&I2 ORVM,32040303X003XWH,XBA TIP TAP ORVM WHITE LH,0,ACTIVE
Poly plastics,Local,XBA&I2 ORVM,32040203X003XMR,SKULL CAP METALLIC RED RH,0,ACTIVE
Poly plastics,Local,XBA&I2 ORVM,32040303X003XMR,SKULL CAP METALLIC RED LH,0,ACTIVE
Karthigeya Plastics,Local,XBA&I2 ORVM,32040203X001,Base RH,0,ACTIVE
Karthigeya Plastics,Local,XBA&I2 ORVM,32040303X001,Base LH,0,ACTIVE
Karthigeya Plastics,Local,XBA&I2 ORVM,32040203X002,Housing RH,0,ACTIVE
Karthigeya Plastics,Local,XBA&I2 ORVM,32040303X002,Housing LH,0,ACTIVE
Premier Indl.Plastics,Local,XBA&I2 ORVM,32040203X008,Pivot RH,0,ACTIVE
Premier Indl.Plastics,Local,XBA&I2 ORVM,32040303X008,Pivot LH,0,ACTIVE
TF Pune,Pune,XBA&I2 ORVM,06040201X007,COMPRESSION SPRING,0,ACTIVE
TF Pune,Pune,XBA&I2 ORVM,01530301X018,Retention Washer,0,ACTIVE
TF Pune,Pune,XBA&I2 ORVM,03020202X012,PLASTITE SCREWS M3 X 35,0,ACTIVE
TF Pune,Pune,XBA&I2 ORVM,28010301X025XI,SCREW M4X18,0,ACTIVE
Imported,Pune,XBA&I2 ORVM,01270203X001XI,ORVM Tip Tap Actuator JC,0,ACTIVE
Ess Dee,Pune,XBA&I2 ORVM,32040204X006,Door Gasket,0,ACTIVE
Ess Dee,Pune,XBA&I2 ORVM,32040204X007,(XBA Secondary Foam),0,ACTIVE
Premier Indl.Plastics,Local,XBA&I2 ORVM,32040203X005,Back Plate RH,0,ACTIVE
Premier Indl.Plastics,Local,XBA&I2 ORVM,32040303X005,Back Plate LH,0,ACTIVE
Imported,Pune,XBA&I2 ORVM,32040203X006XI,CONVEX GLASS RH,0,ACTIVE
Imported,Pune,XBA&I2 ORVM,32040303X006XI,CONVEX GLASS LH,0,ACTIVE
Lohmann,Local,XBA&I2 ORVM,32040203X007,Double sided ADHESIVE tape,0,ACTIVE
 TRIMOORTY ,Local,XBA&I2 ORVM,32040303X009,XBA TIP-TAP BASE FOAM LH,0,ACTIVE
 TRIMOORTY ,Local,XBA&I2 ORVM,32040203X009,XBA TIP-TAP BASE FOAM RH,0,ACTIVE
Premier Indl.Plastics,Local,XBA&I2 IRVM,32040801X001,Housing -IRVM,0,ACTIVE
Premier Indl.Plastics,Local,XBA&I2 IRVM,32040801X004,Arm-IRVM,0,ACTIVE
Prabal Automotives,Pune,XBA&I2 IRVM,32040801X002,Glass-IRVM,0,ACTIVE
Sri Vasavi,Local,XBA&I2 IRVM,32040801X003,AdhesiveTape-IRVM,0,ACTIVE
pant nagar-pune.,Local,XBA&I2 IRVM,01210204X006,Nut M4-IRVM&I2,0,ACTIVE
pant nagar-pune.,Local,XBA&I2 IRVM,01210204X008,Screw M4-IRVM&I2,0,ACTIVE
TF Pune,Pune,XBA&I2 PBL,03203103X002,Chrome Plated Cap for? J-92 PBL,0,ACTIVE
TF Pune,Pune,XBA&I2 PBL,03203103X001,Button Rod for J-92 PBL,0,ACTIVE
Unique Pressing,Pune,XBA&I2 PBL,32050123X001,BASE PLATE-PKB ,0,ACTIVE
Premier Indl.Plastics,Local,XBA&I2 PBL,32040123X002,GRIP-PKB,0,ACTIVE
TF Pune,Pune,XBA&I2 PBL,04070103X001,LEVER PARKING BRAKE-PKB,0,ACTIVE
TF Pune,Pune,XBA&I2 PBL,32010103X002,BUTTON ROD-PKB,0,ACTIVE
TF Pune,Pune,XBA&I2 PBL,04070103X005,SPRING-PKB,0,ACTIVE
TIDC,Local,XBA&I2 PBL,04070103X006,PAWL-PKB,0,ACTIVE
TIDC,Local,XBA&I2 PBL,04070103X007,RACHET-PKB,0,ACTIVE
TF Pune,Pune,XBA&I2 PBL,04070103X008,PAWL PIN-PKB,0,ACTIVE
TF Pune,Pune,XBA&I2 PBL,04070103X009,PIN W/O HEAD-PKB,0,ACTIVE
TF Pune,Pune,XBA&I2 PBL,32040123XS01,Primary cable assy-PKB,0,ACTIVE
TF Pune,Pune,XBA&I2 PBL,33010103XS02,SWITCH SUB ASSY-PKB,0,ACTIVE
TF Pune,Pune,XBA&I2 PBL,02020103X009I,SCREW PBL IMPORTED-PKB,0,ACTIVE
sudha sree,Local,XBA&I2,MS150718X001,Bubble Bag XBA ORVM(375 X 330 mm),0,ACTIVE
sudha sree,Local,XBA&I2,MS150718X002,Bubble Bag XBA PKB (200 X 80 mm),0,ACTIVE
sudha sree,Local,XBA&I2,MS150718X003,Bubble Bag XBA IRVM  (250 X 140 mm),0,ACTIVE
TF Pune(Jayawant),Pune,XBA&I2,MS130506X001,Acrabond Glue Adhesive - 997 -PKB,0,ACTIVE
TF Pune(Jayawant),Pune,XBA&I2,00070020X004,Grease PBL - Impoted GLY801,0,ACTIVE
TF Pune(Jayawant),Pune,XBA&I2,01010201x029xco,Lubricant ORVM Grease-TIPTAP ,0,ACTIVE
TF Pune,Pune,I2,30020123X001,Grip I2 PBL,0,ACTIVE
TF Pune,Pune,I2,30020123X002,Button Rod I2 PBL,0,ACTIVE
TF Pune,Pune,I2,32010103x001,Grip I2 SV PBL,0,ACTIVE
Mangal Industries,Local,I2,30020204X001,Base RH,0,ACTIVE
Mangal Industries,Local,I2,30020304X001,Base LH,0,ACTIVE
Premier Indl.Plastics,Local,I2,30020204X002,Housing RH,0,ACTIVE
Premier Indl.Plastics,Local,I2,30020304X002,Housing LH,0,ACTIVE
Mangal Industries,Local,I2,30020204X005,Socket RH,0,ACTIVE
Mangal Industries,Local,I2,30020304X005,Socket LH,0,ACTIVE
Sri Vasavi,Local,I2,32040204X004,ORVM  Adhesive Tapes RH- XBA,0,ACTIVE
Sundaram Dynacast,Local,I2,32040204X005,Pivot,0,ACTIVE
Imported,Local,I2,32040204X008XI,Screw M4X17,0,ACTIVE
Mangal Industries,Local,I2,30020204X004,COVER-OUTSIDE MIRROR RH,0,ACTIVE
Mangal Industries,Local,I2,30020304X004,COVER-OUTSIDE MIRROR LH,0,ACTIVE
Imported ,Pune,I2,30020204X003XI,ORVM Glass Plate RH-I2,0,ACTIVE
Imported ,Pune,I2,30020304X003XI,ORVM Glass Plate LH-I2,0,ACTIVE
TACO IPD,Pune,W/S,30010701X001,Reservoir Cover,0,ACTIVE
Karthigeya Plastics,Local,W/S,30010701X002,Reservoir Body,0,ACTIVE
Miju Components,Pune,W/S,30010701X003,TANK JOINT,0,ACTIVE
Dankel Tech,Pune,W/S,30010701X004,CAP WASH TANK,0,ACTIVE
Delfingen,Pune,W/S,30010701X009,Tube wash (?4x?7x150 +5mm),0,ACTIVE
Jayashree Polymers,Pune,W/S,30010701X010,Tube wash  (?4x?7x290mm) EPDM,0,ACTIVE
Dankel Tech,Pune,W/S,30010701X012,Conn Tube,0,ACTIVE
TF Pune(Jayawant),Pune,W/S,30010701X013,White Tape  (05X30mm),0,ACTIVE
Dankel Tech,Pune,W/S,30010701X014,RR Nozzle Body,0,ACTIVE
Miju Components,Pune,W/S,30010701X015,L Connector Gasket,0,ACTIVE
Miju Components,Pune,W/S,30010701X016,GROMMET WASH TUBE 4.3,0,ACTIVE
Miju Components,Pune,W/S,30010701X017,TWO GROMMET WASH TUBE 2 grom,0,ACTIVE
TF Pune(Jayawant),Pune,W/S,30010701X018XCO,Yellow Tape,0,ACTIVE
Delfingen,Pune,W/S,30010701X020,Tube wash (?4x?7x620 +10mm),0,ACTIVE
Delfingen,Pune,W/S,30010701X021,Tube Back wash (?4x?7x160 +10mm),0,ACTIVE
Delfingen,Pune,W/S,30010701X022,Tube Wash   (?4x?7x4380mm),0,ACTIVE
Jayashree Polymers,Pune,W/S,30010701X023,Tube wash (?4x?7x640 +10),0,ACTIVE
Jayashree Polymers,Pune,W/S,30010701X025,TUBE WASH (?4x?7x870mm) EPDM,0,ACTIVE
Miju Components,Pune,W/S,30010701X026,PLUG,0,ACTIVE
Shailesh Industries,Pune,W/S,30010701X032,Sponge Tape,0,ACTIVE
Delfingen,Pune,W/S,30010701X033,TUBE WASH (?4x?7x870mm) PVC,0,ACTIVE
TF Pune(Jayawant),Pune,W/S,30010701X034,PVC marking Tape,0,ACTIVE
Delfingen,Pune,W/S,30010701X035,TUBE WASH (?4x?7x290mm) PVC,0,ACTIVE
Dankel Tech,Pune,W/S,30010701X040,T- Connector,0,ACTIVE
Dankel Tech,Pune,W/S,30010701XS04,FRONT NOZZLE ASSY - WS WASH LH,0,ACTIVE
sudha sree,Local,W/S,02030802X015,BUBBLE SHEET BAG ,0,ACTIVE
imported ,Pune,W/S,30010701X019XI,VALVE (Import) ,0,ACTIVE
imported ,Pune,W/S,06020701X012I,Y CONNECTOR (Import),0,ACTIVE
imported ,Pune,W/S,04080702X001I,DUAL PUMP (Import),0,ACTIVE
imported ,Pune,W/S,04070701X004XI,MONO PUMP( Import ),0,ACTIVE
Abijith,Local,HHA,32060702X001,Washer Tank 3.5L,0,ACTIVE
Premier Indl.Plastics,Local,HHA,32060702X002,Cap,0,ACTIVE
Stanston,Local,HHA,32060702X003,HHA Hose -1,0,ACTIVE
Premier Indl.Plastics,Local,HHA,32060702X004,Filter,0,ACTIVE
Stanston,Local,HHA,32060702X005,HHA Hose 2,0,ACTIVE
Stanston,Local,HHA,32060702X006,HHA Hose 3,0,ACTIVE
Stanston,Local,HHA,32060702X007,HHA Hose 4,0,ACTIVE
Premier Indl.Plastics,Local,HHA,32060702X008,T-Joint,0,ACTIVE
Araymond,Local,HHA,32060702X009,Clip,0,ACTIVE
Stanston,Local,HHA,32060702X011,HHA Hose 5,0,ACTIVE
Stanston,Local,HHA,32060702X013,Hose 6,0,ACTIVE
Miju Components,Pune,HHA,32060702X016,HHA Grommet A,0,ACTIVE
Miju Components,Pune,HHA,32060702X017,Grommet B,0,ACTIVE
Ess Dee,Pune,HHA,32060702X018N,Tape (18 X20 mtr),0,ACTIVE
Stanston,Pune,HHA,32060702X019,Hose 7,0,ACTIVE
Ess Dee,Pune,HHA,32060702X020N,PVC TAPE BLACK,0,ACTIVE
Imported,Pune,HHA,32060702XS04XI,Rear Nozzle Assembly,0,ACTIVE
Premier Indl.Plastics,Local,RBC/Ws,32070702X003,RBC Mouth Cap,0,ACTIVE
imported ,China,RBC/Ws,32070702X004XI,Dual Pump RBC,0,ACTIVE
Delfingen,Pune,RBC/Ws,32070702X007,Front Hose ( dual&mono tank),0,ACTIVE
Delfingen,Pune,RBC/Ws,32070702X006,Rear Hose 1,0,ACTIVE
Mangal Industries,Andhra,RBC/Ws,32070702X001,RBC Upper Tank,0,ACTIVE
Mangal Industries,Andhra,RBC/Ws,32070702X002,RBC Lower Tank,0,ACTIVE
imported,Pune,RBC/Ws,32070701X001XI,Mono Pump RBC,0,ACTIVE
Araymond,Pune,RBC/Ws,32070702XS03,RBC Rear Nozzle,0,ACTIVE
Delfingen,Pune,RBC/Ws,32070702X008,Rear hose 2,0,ACTIVE
Delfingen,Pune,RBC/Ws,32070702X010,Rear hose 3,0,ACTIVE
Miju Components,Pune,RBC/Ws,32070702X009,RBC Grommet 2,0,ACTIVE
Karthigeya Plastics,Local,RBC/ORVM,32070303X001,RBC ORVM MF Base LH,0,ACTIVE
Karthigeya Plastics,Local,RBC/ORVM,32070303X002,RBC ORVM MF Housing LH,0,ACTIVE
imported,China,RBC/ORVM,32070302X003XI,RBC PE FOAM DOOR GASKET ELE/TIP-TAP LH,0,ACTIVE
Premier Indl.Plastics,Local,RBC/ORVM,32070303X009,RBC ORVM MF Pivot,0,ACTIVE
Amphenol,Local,RBC/ORVM,32070302X002,RBC ORVM Wiring Harness Glass Actuator,0,ACTIVE
TF Pune,Pune,RBC/ORVM,03020202X020I,ELEC MOTOR,0,ACTIVE
Premier Indl.Plastics,Local,RBC/ORVM,32070303X005,RBC ORVM Glass Back plate LH,0,ACTIVE
Lohmann,Local,RBC/ORVM,32070303X008,RBC ORVM Double Sided Adhesive,0,ACTIVE
Prabal Automotives,Pune,RBC/ORVM,32070303X006,RBC ORVM Glass LH,0,ACTIVE
Imported,China,RBC/ORVM,32070202X003XI,RBC PE FOAM DOOR GASKET ELE/TIP-TAP RH,0,ACTIVE
Karthigeya Plastics,Local,RBC/ORVM,32070203X001,RBC ORVM MF Base RH,0,ACTIVE
Karthigeya Plastics,Local,RBC/ORVM,32070203X002,RBC ORVM MF Housing RH,0,ACTIVE
Premier Indl.Plastics,Pune,RBC/ORVM,32070203X005,RBC ORVM Glass Back plate RH,0,ACTIVE
Premier Indl.Plastics,Local,RBC/ORVM,32070201X002,RBC ORVM Joystick Knob RH,0,ACTIVE
imported,China,RBC/ORVM,32070203X012XI,RBC ORVM Gasket Mechanical RH,0,ACTIVE
Prabal Automotives,Pune,RBC/ORVM,32070203X006,RBC ORVM Glass RH,0,ACTIVE
Premier Indl.Plastics,Local,RBC/ORVM,32070301X003,RBC ORVM Joystick Lever,0,ACTIVE
Premier Indl.Plastics,Local,RBC/ORVM,32070301X004,RBC ORVM Joystick Lever Cover,0,ACTIVE
Premier Indl.Plastics,Local,RBC/ORVM,32070301X002,RBC ORVM Joystick Knob LH,0,ACTIVE
imported,China,RBC/ORVM,32070303X012XI,RBC ORVM Gasket Mechanical LH,0,ACTIVE
tf pune,Pune,RBC/ORVM,01010201X023,SCREW PLASTITE M3 X 16,0,ACTIVE
tf pune,Pune,RBC/ORVM,31010301X025,SPRING MANUAL ACUATOR,0,ACTIVE
tf pune,Pune,RBC/ORVM,01010201X018,REG SYS BASE,0,ACTIVE
tf pune,Pune,RBC/ORVM,01010201X017,REG SYS COVER,0,ACTIVE
Premier Indl.Plastics,Local,RBC/ORVM,01530301X011,Joystick slider,0,ACTIVE
tf pune,Pune,RBC/ORVM,01010201X023,SCREW PLASTITE M3 X 16,0,ACTIVE
tf pune,Pune,RBC/ORVM,32070303X010,RBC ORVM SCREW M3*14,0,ACTIVE
SVR,Pune,RBC/ORVM,32070301X005,"RBC ORVM Regualtion Cable Set,Red",0,ACTIVE
SVR,Pune,RBC/ORVM,32070301X005,RBC ORVM Regualtion Cable SetYellow,0,ACTIVE
SVR,Pune,RBC/ORVM,32070301X005,"RBC ORVM Regualtion Cable Set,Green",0,ACTIVE
Premier Indl.Plastics,Local,RBC/ORVM,32070303X003,RBC ORVM MF Skullcap Textured LH,0,ACTIVE
Premier Indl.Plastics,Local,RBC/ORVM,32070203X003,RBC ORVM MF Skullcap Textured RH,0,ACTIVE
SL Polycoat,Pune,RBC/ORVM,32070303X004XWH,RBC ORVM Skullcap White LH,0,ACTIVE
SL Polycoat,Pune,RBC/ORVM,32070203X004XWH,RBC ORVM Skullcap White RH,0,ACTIVE
SL Polycoat,Pune,RBC/ORVM,32070303X004XBL,RBC ORVM Skullcap Blue LH,0,ACTIVE
SL Polycoat,Pune,RBC/ORVM,32070203X004XBL,RBC ORVM Skullcap BLUE RH,0,ACTIVE
SL Polycoat,Pune,RBC/ORVM,32070303X004XYL,TEEPA Honey Yellow LH,0,ACTIVE
SL Polycoat,Pune,RBC/ORVM,32070203X004XYL,TEEPA Honey Yellow RH,0,ACTIVE
SL Polycoat,Pune,RBC/ORVM,32070303X004XRE,Red Lh,0,ACTIVE
SL Polycoat,Pune,RBC/ORVM,32070203X004XRE,Red Rh,0,ACTIVE
SL Polycoat,Pune,RBC/ORVM,32070303X004XGR,TEK23 LH GREY/SLIVER,0,ACTIVE
SL Polycoat,Pune,RBC/ORVM,32070203X004XGR,TEK23 RH GREY/SLIVER,0,ACTIVE
Premier Indl.Plastics,Local,RBC/IRVM,32070802X001,RBC IRVM HOUSING,0,ACTIVE
Tf Pune,Pune,RBC/IRVM,32070802X002,RBC IRVM D/N PLATE,0,ACTIVE
Tf Pune,Pune,RBC/IRVM,32070802X003,RBC IRVM ROCKING LEVER,0,ACTIVE
imported,China,RBC/IRVM,32070802X005XI,Prismatic Glass For RBC IRVM,0,ACTIVE
TF Pune(Jayawant),Pune,RBC/IRVM,32070802X006,RBC IRVM Single Sided Adhesive Tape,0,ACTIVE
Karthigeya Plastics,Local,RBC/PKB,32070123X004,RBC PBL GRIP (black),0,ACTIVE
Premier Indl.Plastics,Local,RBC/PKB,32070123X015,RBC PBL RELEASE ROD,0,ACTIVE
tf pune,Pune,RBC/PKB,02100103X009,SPRING,0,ACTIVE
Meta Forge,Pune,RBC/PKB,32070123X009,RBC PBL Pivot RIVET,0,ACTIVE
Meta Forge,Pune,RBC/PKB,32070123X008,RBC PBL PAWL RIVET,0,ACTIVE
JFB,Pune,RBC/PKB,32070123X010,RBC PBL Pawl,0,ACTIVE
tf pune,Pune,RBC/PKB,32070123XS05,SWITCH ASSEMBLY,0,ACTIVE
tf pune,Pune,RBC/PKB,32070123XS03,RBC PBL Cable Assy.,0,ACTIVE
Dinesh Industries,Pune,RBC/PKB,32070123X001,RBC PBL Base Plate,0,ACTIVE
JFB,Pune,RBC/PKB,32070123X006,RBC PBL Ratchet,0,ACTIVE
Galva,Pune,RBC/PKB,32070123X017XCR,Chrome Cap,0,ACTIVE
Premier Indl.Plastics,Local,RBC/PKB,32070123X016XBL,Black Cap,0,ACTIVE
Dinesh Industries,Pune,RBC/PKB,32070123XS02,Lever body,0,ACTIVE
Poly plastics,Local,XBA&I2,32040303X003XDMGT,Dark Metalic LH,0,ACTIVE
Poly plastics,Local,XBA&I2,32040203X003XDMGT,Dark Metalic RH,0,ACTIVE
Kavachi,Pune,RBC/ORVM,32070203X013,NVH Rubber Seal RH,0,ACTIVE
Kavachi,Pune,RBC/ORVM,32070303X013,NVH Rubber Seal LH,0,ACTIVE
SuthSree,Pune,RBC/ORVM,32070301X010,Round Seal,0,ACTIVE
